hash,questionText,normalizedQuestion,inputTypes,optionCount,optionsSeen,lastSelectedAnswers,correctAnswers,wrongAnswers,timesSeen,timesCorrect,timesWrong,hasConflict,lastReason,lastUrl,createdAt,updatedAt,correctSource,lastFinalDetectedAt,confidenceSource,recordQuality
q_009d70a0,"* Tra le opzioni sotto, scegliere i quattro caratteri finali della stringa corrispondente al codice identificativo, includendo eventuali simboli","* tra le opzioni sotto, scegliere i quattro caratteri finali della stringa corrispondente al codice identificativo, includendo eventuali simboli",radio,5,e | d81d | 5d81d | +79c | be8e,d81d,d81d,,4,1,0,false,final_page_detected,https://app.simulatoreclickday.it/home#/simulazione-isi-inail,2026-05-09T10:59:26.325Z,2026-05-09T10:59:47.900Z,final_page_detected,2026-05-09T10:59:47.900Z,keyword,confirmed_correct
q_026095d1,* Riporta tecnico senza considerare la presenza di spazi,* riporta tecnico senza considerare la presenza di spazi,text,1,[text-input],tecnico,tecnico,,16,2,0,false,final_page_detected,https://app.simulatoreclickday.it/home#/risultato-isi-inail,2026-05-09T11:01:28.544Z,2026-05-09T11:08:50.800Z,final_page_detected,2026-05-09T11:08:50.800Z,url_match,confirmed_correct
q_03aaab40,Per procedere con l'invio della domanda è necessario compilare i seguenti campi:,per procedere con l'invio della domanda e necessario compilare i seguenti campi:,select,6,Cognome Nome | Nome | Nome Cognome | Cognome | Inail,Cognome Nome,Cognome Nome,,6,1,0,false,final_page_detected,https://app.simulatoreclickday.it/home#/simulazione-isi-inail,2026-05-09T10:59:56.810Z,2026-05-09T11:01:57.499Z,final_page_detected,2026-05-09T11:01:57.499Z,keyword,confirmed_correct
q_0579a881,* Per quale bando stai partecipando al Click Day?,* per quale bando stai partecipando al click day?,radio,12,Bando ISI anIil | Bando Invitalia | Recovery fund | Bando Agricoltura | Bando ISI Inaif | BaBdo ISI Inail | Bando ISI Inail | Bando8 ISI Inail | Bando tISI Inail | BandoH ISI Inail | Bbndo ISI Inail | Bando ISI Inail 2026,Bando ISI Inail,Bando ISI Inail,,3,1,0,false,final_page_detected,https://app.simulatoreclickday.it/home#/simulazione-isi-inail,2026-05-09T11:00:55.459Z,2026-05-09T11:01:57.499Z,final_page_detected,2026-05-09T11:01:57.499Z,keyword,confirmed_correct
q_08ffcd3a,* Scrivi esattamente 'Consulente ' includendo lo spazio finale,* scrivi esattamente 'consulente ' includendo lo spazio finale,text,1,[text-input],Consulente,Consulente,,9,1,0,false,final_page_detected,https://app.simulatoreclickday.it/home#/risultato-isi-inail,2026-05-09T11:06:06.628Z,2026-05-09T11:07:54.768Z,final_page_detected,2026-05-09T11:07:54.768Z,url_match,confirmed_correct
q_09a92a45,* Inserire la data di avvio (14/06/2026) della prima azione (e sottoazione B) di questo bando,* inserire la data di avvio (14/06/2026) della prima azione (e sottoazione b) di questo bando,date,1,[text-input],2026-06-14,2026-06-14,,3,1,0,false,final_page_detected,https://app.simulatoreclickday.it/home#/simulazione-isi-inail,2026-05-09T11:01:04.692Z,2026-05-09T11:01:57.499Z,final_page_detected,2026-05-09T11:01:57.499Z,keyword,confirmed_correct
q_0ab3579a,* Scrivi al contrario il nome isi (in lettere maiuscole),* scrivi al contrario il nome isi (in lettere maiuscole),text,1,[text-input],ISI,ISI,,8,1,0,false,final_page_detected,https://app.simulatoreclickday.it/home#/risultato-isi-inail,2026-05-09T11:06:15.438Z,2026-05-09T11:07:54.768Z,final_page_detected,2026-05-09T11:07:54.768Z,url_match,confirmed_correct
q_0f2ae859,* Selezionare l'indirizzo del sito di Wikipedia senza spazi ma con tutti gli altri caratteri,* selezionare l'indirizzo del sito di wikipedia senza spazi ma con tutti gli altri caratteri,select,12,"https://www.wikpedia.org | htps://www.wikipedia.org | https://www.wikipadia.org | https.//www.wikipedia.org | http://www.wikipedia.org | https://www.wikipedia.com | https://www.wikepedia.org | https://www.wikipedia.org | hhttps://www.wikipedia.org | https://www,wikipedia.org | https://www.wkipedia.org",https://www.wikipedia.org,https://www.wikipedia.org,,6,1,0,false,final_page_detected,https://app.simulatoreclickday.it/home#/risultato-isi-inail,2026-05-09T11:05:24.239Z,2026-05-09T11:07:54.768Z,final_page_detected,2026-05-09T11:07:54.768Z,url_match,confirmed_correct
q_16c906b9,* Scrivere il nome e il cognome del partecipante registrato sul portale per inviare la domanda,* scrivere il nome e il cognome del partecipante registrato sul portale per inviare la domanda,text,1,[text-input],Nome Cognome,Nome Cognome,,4,1,0,false,final_page_detected,https://app.simulatoreclickday.it/home#/simulazione-isi-inail,2026-05-09T10:59:34.453Z,2026-05-09T10:59:47.900Z,final_page_detected,2026-05-09T10:59:47.900Z,keyword,confirmed_correct
q_1a03e0b6,Per procedere con l'invio della domanda è necessario compilare i seguenti campi:,per procedere con l'invio della domanda e necessario compilare i seguenti campi:,select,20,10 | 05 | 0 5 | 5 | luglio | otto | 8-6=48 | 8x0=48 | 8x6=48 | 8/6=48 | 48 | 8x0=0 | 8=6=48 | 0 | 8+6=48 | 6 | 8 | 6x8=48 | 8÷6=48,8x6=48,05 | 8x6=48,,10,2,0,false,final_page_detected,https://app.simulatoreclickday.it/home#/risultato-isi-inail,2026-05-09T10:59:56.810Z,2026-05-09T11:07:54.768Z,final_page_detected,2026-05-09T11:07:54.768Z,url_match,confirmed_correct
q_26399bdb,Informativa: I dati inseriti potrebbero essere oggetto di verifica durante la lavorazione della domanda.,informativa: i dati inseriti potrebbero essere oggetto di verifica durante la lavorazione della domanda.,checkbox,1,* Accetto,* Accetto,* Accetto,,6,1,0,false,final_page_detected,https://app.simulatoreclickday.it/home#/risultato-isi-inail,2026-05-09T11:05:01.844Z,2026-05-09T11:07:54.768Z,final_page_detected,2026-05-09T11:07:54.768Z,url_match,confirmed_correct
q_2aaca641,"* Immettere gli ultimi sette caratteri del codice identificativo dell'azienda, omettendo i primi tre ma escludendo i segni","* immettere gli ultimi sette caratteri del codice identificativo dell'azienda, omettendo i primi tre ma escludendo i segni",text,1,[text-input],d81d,d81d,,7,1,0,false,final_page_detected,https://app.simulatoreclickday.it/home#/simulazione-isi-inail,2026-05-09T11:01:24.053Z,2026-05-09T11:01:57.499Z,final_page_detected,2026-05-09T11:01:57.499Z,keyword,confirmed_correct
q_2e22847a,* Scrivere la stringa è3uavs qui sotto,* scrivere la stringa e3uavs qui sotto,text,1,[text-input],è3uavs,è3uavs,,4,1,0,false,final_page_detected,https://app.simulatoreclickday.it/home#/simulazione-isi-inail,2026-05-09T11:00:40.628Z,2026-05-09T11:01:57.499Z,final_page_detected,2026-05-09T11:01:57.499Z,keyword,confirmed_correct
q_30862a75,* Seleziona nell'ordine corretto le vocali contenute nelle parole 'Bando ISI' (aoii),* seleziona nell'ordine corretto le vocali contenute nelle parole 'bando isi' (aoii),radio,8,aoia | aoii | ioai | ioia | aoii | aoia | ioia | ioai,aoii,aoii,,11,1,0,false,final_page_detected,https://app.simulatoreclickday.it/home#/risultato-isi-inail,2026-05-09T11:02:05.206Z,2026-05-09T11:07:54.768Z,final_page_detected,2026-05-09T11:07:54.768Z,url_match,confirmed_correct
q_33157325,* Scrivi esattamente l'ora del momento 5 delle tabelle temporali in formato hh:mm,* scrivi esattamente l'ora del momento 5 delle tabelle temporali in formato hh:mm,text,1,[text-input],11:00,11:00,,6,1,0,false,final_page_detected,https://app.simulatoreclickday.it/home#/risultato-isi-inail,2026-05-09T11:02:44.765Z,2026-05-09T11:07:54.768Z,final_page_detected,2026-05-09T11:07:54.768Z,url_match,confirmed_correct
q_353f0312,* Scrivere nel campo il numero del mese in cui ci siamo oggi usando due cifre,* scrivere nel campo il numero del mese in cui ci siamo oggi usando due cifre,text,1,[text-input],05,05,,3,1,0,false,final_page_detected,https://app.simulatoreclickday.it/home#/risultato-isi-inail,2026-05-09T11:04:52.199Z,2026-05-09T11:07:54.768Z,final_page_detected,2026-05-09T11:07:54.768Z,url_match,confirmed_correct
q_365bb0b8,* Scrivere la prima cifra contenuta in 'msLa0v' all'interno del campo sottostante,* scrivere la prima cifra contenuta in 'msla0v' all'interno del campo sottostante,text,1,[text-input],0,0,,6,1,0,false,final_page_detected,https://app.simulatoreclickday.it/home#/simulazione-isi-inail,2026-05-09T10:59:56.810Z,2026-05-09T11:01:57.499Z,final_page_detected,2026-05-09T11:01:57.499Z,keyword,confirmed_correct
q_389a5454,* Quali sono e del partecipante registrati sul portale?,* quali sono e del partecipante registrati sul portale?,radio,5,me | Cognome Nome | Nome Cognome | Cognome | Nome,Nome Cognome,Nome Cognome,,5,1,0,false,final_page_detected,https://app.simulatoreclickday.it/home#/risultato-isi-inail,2026-05-09T11:04:37.093Z,2026-05-09T11:07:54.768Z,final_page_detected,2026-05-09T11:07:54.768Z,url_match,confirmed_correct
q_3983b7fb,* Scegli il della persona registrata sul portale come Partecipante per questa azienda richiedente,* scegli il della persona registrata sul portale come partecipante per questa azienda richiedente,select,6,3334455666 | Nome | Cognome | me | email@cliccatore.it,Cognome,Cognome,,8,1,0,false,final_page_detected,https://app.simulatoreclickday.it/home#/risultato-isi-inail,2026-05-09T11:08:16.947Z,2026-05-09T11:08:50.800Z,final_page_detected,2026-05-09T11:08:50.800Z,url_match,confirmed_correct
q_42382782,* Confermo le informazioni inserite. Sono consapevole che potranno essere effettuati controlli su di esse.,* confermo le informazioni inserite. sono consapevole che potranno essere effettuati controlli su di esse.,checkbox,1,* Confermo le informazioni inserite. Sono consapevole che potranno essere effettuati controlli su di esse.,* Confermo le informazioni inserite. Sono consapevole che potranno essere effettuati controlli su di esse.,* Confermo le informazioni inserite. Sono consapevole che potranno essere effettuati controlli su di esse.,,5,1,0,false,final_page_detected,https://app.simulatoreclickday.it/home#/risultato-isi-inail,2026-05-09T11:03:31.774Z,2026-05-09T11:07:54.768Z,final_page_detected,2026-05-09T11:07:54.768Z,url_match,confirmed_correct
q_47668539,Per procedere con l'invio della domanda è necessario compilare i seguenti campi:,per procedere con l'invio della domanda e necessario compilare i seguenti campi:,select,17,Cognome | Cognome Nome Nome | Nome Cognome | Cognome me | Cognome Nome | 39 | quarantuno | 42 | 30 | 38 | quarantadue | quaranta | 41 | 40 | trenta | trentanove,40,Cognome Nome | 40,,11,2,0,false,final_page_detected,https://app.simulatoreclickday.it/home#/,2026-05-09T11:00:33.827Z,2026-05-09T11:09:32.424Z,final_page_detected,2026-05-09T11:09:32.424Z,keyword,confirmed_correct
q_4bd03141,Informativa: I dati inseriti potrebbero essere oggetto di verifica durante la lavorazione della domanda.,informativa: i dati inseriti potrebbero essere oggetto di verifica durante la lavorazione della domanda.,checkbox,1,* Accetto,* Accetto,* Accetto,,9,4,0,false,final_page_detected,https://app.simulatoreclickday.it/home#/risultato-isi-inail,2026-05-09T10:57:43.847Z,2026-05-09T11:07:54.768Z,final_page_detected,2026-05-09T11:07:54.768Z,url_match,confirmed_correct
q_4c83a65e,* Riporta nel campo qui sotto l'ultima lettera di: oy0F8i,* riporta nel campo qui sotto l'ultima lettera di: oy0f8i,text,1,[text-input],i,i,,5,1,0,false,final_page_detected,https://app.simulatoreclickday.it/home#/,2026-05-09T10:57:27.083Z,2026-05-09T10:57:47.830Z,final_page_detected,2026-05-09T10:57:47.830Z,keyword,confirmed_correct
q_4df72a95,* Quanti sono gli zeri presenti in 600.000.000 €? (8),* quanti sono gli zeri presenti in 600.000.000 €? (8),radio,16,undici | nove | dieci | 0 | 6 | 10 | zero | sei | otto | 7 | 9 | uno | sette | 11 | 1 | 8,8,8,,6,1,0,false,final_page_detected,https://app.simulatoreclickday.it/home#/simulazione-isi-inail,2026-05-09T10:59:56.810Z,2026-05-09T11:01:57.499Z,final_page_detected,2026-05-09T11:01:57.499Z,keyword,confirmed_correct
q_5032f03d,* Cliccare correttamente sull'anno di uscita di questo bando,* cliccare correttamente sull'anno di uscita di questo bando,radio,4,2025 | 2015 | 2026 | esce tutti gli anni,2025,2025,,6,1,0,false,final_page_detected,https://app.simulatoreclickday.it/home#/risultato-isi-inail,2026-05-09T11:02:05.206Z,2026-05-09T11:07:54.768Z,final_page_detected,2026-05-09T11:07:54.768Z,url_match,confirmed_correct
q_52f933f2,* Selezionare l'indirizzo del sito di Instagram senza vocali ma con tutti gli altri caratteri,* selezionare l'indirizzo del sito di instagram senza vocali ma con tutti gli altri caratteri,radio,11,https.//www.nstgrm.cm | https://www.nstgrm.t | hhttps://www.instagram.com | htps://www.instagram.com | https://www.nstgrm.cm | htps://www.nstgrm.cm | http://www.nstgrm.cm | hhttps://www.nstgrm.cm | http://www.instagram.com | https://www.instagram.com | https.//www.instagram.com,https://www.nstgrm.cm,https://www.nstgrm.cm,,6,1,0,false,final_page_detected,https://app.simulatoreclickday.it/home#/simulazione-isi-inail,2026-05-09T10:59:56.810Z,2026-05-09T11:01:57.499Z,final_page_detected,2026-05-09T11:01:57.499Z,keyword,confirmed_correct
q_5ee75c49,* Cliccare qui sotto dal terzo al settimo carattere del codice identificativo - -,* cliccare qui sotto dal terzo al settimo carattere del codice identificativo - -,radio,4,cbe8ee | be8e | 9cbe8 | ac8b29b77,9cbe8,9cbe8,,5,1,0,false,final_page_detected,https://app.simulatoreclickday.it/home#/,2026-05-09T10:57:27.083Z,2026-05-09T10:57:47.830Z,final_page_detected,2026-05-09T10:57:47.830Z,keyword,confirmed_correct
q_629badb6,* Inserire consulente senza considerare gli spazi,* inserire consulente senza considerare gli spazi,text,1,[text-input],consulente,consulente,,3,1,0,false,final_page_detected,https://app.simulatoreclickday.it/home#/simulazione-isi-inail,2026-05-09T11:01:04.692Z,2026-05-09T11:01:57.499Z,final_page_detected,2026-05-09T11:01:57.499Z,keyword,confirmed_correct
q_68b7d50e,* Quale delle seguenti stringhe corrisponde a:,* quale delle seguenti stringhe corrisponde a:,select,15,YnnO4 | qnnOh | YnnEh | YnnOF | Yn4Oh | YnnOh | YnnOu | Y7nOh | Ynn4h | YwnOh | unnOh | YqnOh | YnnOw | YnCOh,YnnOh,YnnOh,,7,1,0,false,final_page_detected,https://app.simulatoreclickday.it/home#/,2026-05-09T11:09:06.697Z,2026-05-09T11:09:32.424Z,final_page_detected,2026-05-09T11:09:32.424Z,keyword,confirmed_correct
q_6ab9c5fd,* Selezionare l'indirizzo del sito di Reddit senza .com ma con tutti gli altri caratteri,* selezionare l'indirizzo del sito di reddit senza .com ma con tutti gli altri caratteri,select,12,"https.//www.reddit.com | https://www.reddt | https://www,reddit | https://www.reddiit | hhttps://www.reddit | htps://www.reddit.com | https://www,reddit.com | https://www.reddit.com | https://www.reddit | https.//www.reddit | http://www.reddit",https://www.reddit,https://www.reddit,,8,1,0,false,final_page_detected,https://app.simulatoreclickday.it/home#/risultato-isi-inail,2026-05-09T11:08:16.947Z,2026-05-09T11:08:50.800Z,final_page_detected,2026-05-09T11:08:50.800Z,url_match,confirmed_correct
q_6d1a025f,* Scrivere qui sotto i primi cinque caratteri del codice identificativo,* scrivere qui sotto i primi cinque caratteri del codice identificativo,text,1,[text-input],+79cb,+79cb,,4,1,0,false,final_page_detected,https://app.simulatoreclickday.it/home#/risultato-isi-inail,2026-05-09T11:03:23.187Z,2026-05-09T11:07:54.768Z,final_page_detected,2026-05-09T11:07:54.768Z,url_match,confirmed_correct
q_6dccfc41,"* Dall'elenco, scegliere la parola 'Inail' scritta al contrario","* dall'elenco, scegliere la parola 'inail' scritta al contrario",select,5,lianI | Ilain | Alian | linail,lianI,lianI,,4,1,0,false,final_page_detected,https://app.simulatoreclickday.it/home#/simulazione-isi-inail,2026-05-09T10:59:34.453Z,2026-05-09T10:59:47.900Z,final_page_detected,2026-05-09T10:59:47.900Z,keyword,confirmed_correct
q_718fee53,* Trascrivi esattamente 'Operatore ' includendo anche gli spazi ma solo con caratteri minuscoli,* trascrivi esattamente 'operatore ' includendo anche gli spazi ma solo con caratteri minuscoli,text,1,[text-input],operatore,operatore,,5,1,0,false,final_page_detected,https://app.simulatoreclickday.it/home#/,2026-05-09T10:57:27.083Z,2026-05-09T10:57:47.830Z,final_page_detected,2026-05-09T10:57:47.830Z,keyword,confirmed_correct
q_731227d9,* Seleziona il e (No... Co...) del partecipante al bando,* seleziona il e (no... co...) del partecipante al bando,select,6,Paperino | Nome | Cognome | N Cognome | Nome Cognome,Nome Cognome,Nome Cognome,,5,1,0,false,final_page_detected,https://app.simulatoreclickday.it/home#/risultato-isi-inail,2026-05-09T11:07:37.976Z,2026-05-09T11:07:54.768Z,final_page_detected,2026-05-09T11:07:54.768Z,url_match,confirmed_correct
q_75befea9,* Scegliere il bando a cui si vuole partecipare,* scegliere il bando a cui si vuole partecipare,select,15,BandoNI AIL 2025 | Band INAIL 2025 | Bando ISì 25 | Ban o INAILd2025 | Bando INOAIL 2025 | Bando INAIL 2025 | BandRo INAIL 2025 | Bandok INAIL 2025 | Voucher Innovation Manager | Bando INA LI2025 | BandoAIN IL 2025 | B ndoaINAIL 2025 | Bando INAIL 202i5 | Bando INIL 2025,Bando INAIL 2025,Bando INAIL 2025,,6,1,0,false,final_page_detected,https://app.simulatoreclickday.it/home#/risultato-isi-inail,2026-05-09T11:02:44.765Z,2026-05-09T11:07:54.768Z,final_page_detected,2026-05-09T11:07:54.768Z,url_match,confirmed_correct
q_770bbbf2,* Scrivere la data di oggi completa nel formato gg/mm/aaaa,* scrivere la data di oggi completa nel formato gg/mm/aaaa,text,1,[text-input],09/05/2026,09/05/2026,,6,1,0,false,final_page_detected,https://app.simulatoreclickday.it/home#/risultato-isi-inail,2026-05-09T11:02:05.206Z,2026-05-09T11:07:54.768Z,final_page_detected,2026-05-09T11:07:54.768Z,url_match,confirmed_correct
q_7ac4dff4,* Selezionare l'importo (600.000.000 €) dello stanziamento del bando,* selezionare l'importo (600.000.000 €) dello stanziamento del bando,radio,11,"600.0000.000 € | 600.000.000.00 € | 600I.000.000 € | 600.000.000 | 600.000,000 € | 600.00.000 € | 600.000.000 € | 600,000.000 € | 600:000.000 € | 600000000 € | 600.000:000 €",600.000.000 €,600.000.000 €,,5,1,0,false,final_page_detected,https://app.simulatoreclickday.it/home#/risultato-isi-inail,2026-05-09T11:04:37.093Z,2026-05-09T11:07:54.768Z,final_page_detected,2026-05-09T11:07:54.768Z,url_match,confirmed_correct
q_7c712206,* Inserire nel campo sottostante la seguente stringa: R7rZN,* inserire nel campo sottostante la seguente stringa: r7rzn,text,1,[text-input],R7rZN,R7rZN,,4,1,0,false,final_page_detected,https://app.simulatoreclickday.it/home#/risultato-isi-inail,2026-05-09T11:07:03.959Z,2026-05-09T11:07:54.768Z,final_page_detected,2026-05-09T11:07:54.768Z,url_match,confirmed_correct
q_7c8df176,* Scegli l'email corretta della persona registrata sul portale come Partecipante per questa azienda richiedente,* scegli l'email corretta della persona registrata sul portale come partecipante per questa azienda richiedente,select,5,email@cliccatore.it | Nome email@cliccatore.it | 3334455666 | Cognome,email@cliccatore.it,email@cliccatore.it,,4,1,0,false,final_page_detected,https://app.simulatoreclickday.it/home#/risultato-isi-inail,2026-05-09T11:07:03.959Z,2026-05-09T11:07:54.768Z,final_page_detected,2026-05-09T11:07:54.768Z,url_match,confirmed_correct
q_827a5892,* Scrivi il nome del partecipante registrato,* scrivi il nome del partecipante registrato,text,1,[text-input],Nome,Nome,,8,1,0,false,final_page_detected,https://app.simulatoreclickday.it/home#/simulazione-isi-inail,2026-05-09T11:01:28.544Z,2026-05-09T11:01:57.499Z,final_page_detected,2026-05-09T11:01:57.499Z,keyword,confirmed_correct
q_89529271,* Scrivere la prima cifra contenuta in 'Cvc545X' all'interno del campo sottostante,* scrivere la prima cifra contenuta in 'cvc545x' all'interno del campo sottostante,text,1,[text-input],5,5,,5,1,0,false,final_page_detected,https://app.simulatoreclickday.it/home#/risultato-isi-inail,2026-05-09T11:04:37.093Z,2026-05-09T11:07:54.768Z,final_page_detected,2026-05-09T11:07:54.768Z,url_match,confirmed_correct
q_8969bc04,* Indicare i gatti in fila per sei meno il resto di due,* indicare i gatti in fila per sei meno il resto di due,select,10,41 | quarantuno | trentadue | quarantadue | quarantatre | 43 | 40 | 44 | quarantaquattro,quarantadue,quarantadue,,6,1,0,false,final_page_detected,https://app.simulatoreclickday.it/home#/risultato-isi-inail,2026-05-09T11:02:05.206Z,2026-05-09T11:07:54.768Z,final_page_detected,2026-05-09T11:07:54.768Z,url_match,confirmed_correct
q_8bb645b6,Per procedere con l'invio della domanda è necessario compilare i seguenti campi:,per procedere con l'invio della domanda e necessario compilare i seguenti campi:,checkbox,2,* Regole tecniche viste e confermate | * Sono un non-robot,* Sono un non-robot,* Sono un non-robot,,5,1,0,false,final_page_detected,https://app.simulatoreclickday.it/home#/simulazione-isi-inail,2026-05-09T11:00:16.656Z,2026-05-09T11:01:57.499Z,final_page_detected,2026-05-09T11:01:57.499Z,keyword,confirmed_correct
q_8c04442e,* Scrivi al contrario il nome isi (in lettere minuscole),* scrivi al contrario il nome isi (in lettere minuscole),text,1,[text-input],isi,isi,,6,1,0,false,final_page_detected,https://app.simulatoreclickday.it/home#/risultato-isi-inail,2026-05-09T11:02:44.765Z,2026-05-09T11:07:54.768Z,final_page_detected,2026-05-09T11:07:54.768Z,url_match,confirmed_correct
q_8cd2d4e3,* Seleziona la data corretta del momento 6 (esempio 19/06/2026),* seleziona la data corretta del momento 6 (esempio 19/06/2026),radio,5,19/06/2026 11:20 | 28/05/2026 | 13/04/2026 | 19/06/2026 | 19/06/2026 11:00,19/06/2026,19/06/2026,,4,1,0,false,final_page_detected,https://app.simulatoreclickday.it/home#/risultato-isi-inail,2026-05-09T11:05:15.934Z,2026-05-09T11:07:54.768Z,final_page_detected,2026-05-09T11:07:54.768Z,url_match,confirmed_correct
q_92709f7c,* Riportare i primi 4 caratteri della stringa 'YPDso',* riportare i primi 4 caratteri della stringa 'ypdso',text,1,[text-input],YPDs,YPDs,,4,1,0,false,final_page_detected,https://app.simulatoreclickday.it/home#/simulazione-isi-inail,2026-05-09T10:59:26.325Z,2026-05-09T10:59:47.900Z,final_page_detected,2026-05-09T10:59:47.900Z,keyword,confirmed_correct
q_9297c13f,* Scegli la risposta che contiene tutti i caratteri che non sono vocali nella stringa 'Bando Inail 2025',* scegli la risposta che contiene tutti i caratteri che non sono vocali nella stringa 'bando inail 2025',radio,5,202lndnB | Bndnl2925 | 2925lndnB | 2025lndnB | Bndnl2025,Bndnl2025,Bndnl2025,,8,1,0,false,final_page_detected,https://app.simulatoreclickday.it/home#/risultato-isi-inail,2026-05-09T11:08:16.947Z,2026-05-09T11:08:50.800Z,final_page_detected,2026-05-09T11:08:50.800Z,url_match,confirmed_correct
q_9352623f,* Seleziona nell'ordine inverso le consonanti contenute nelle parole 'Bando ISI' (nnnn),* seleziona nell'ordine inverso le consonanti contenute nelle parole 'bando isi' (nnnn),radio,5,iioa | snbd | sdnb | aoii | bnds,sdnb,sdnb,,4,1,0,false,final_page_detected,https://app.simulatoreclickday.it/home#/risultato-isi-inail,2026-05-09T11:07:03.959Z,2026-05-09T11:07:54.768Z,final_page_detected,2026-05-09T11:07:54.768Z,url_match,confirmed_correct
q_9355d4b3,* Anno successivo rispetto a quello precedente rispetto a quello in cui siamo? 2026!,* anno successivo rispetto a quello precedente rispetto a quello in cui siamo? 2026!,select,6,2024 | 2025 | 2026 | 2016 | 2027,2026,2026,,4,1,0,false,final_page_detected,https://app.simulatoreclickday.it/home#/simulazione-isi-inail,2026-05-09T11:00:40.628Z,2026-05-09T11:01:57.499Z,final_page_detected,2026-05-09T11:01:57.499Z,keyword,confirmed_correct
q_93bf7d3a,Per procedere con l'invio della domanda è necessario compilare i seguenti campi:,per procedere con l'invio della domanda e necessario compilare i seguenti campi:,checkbox,9,* Togliere la spunta alla casella per dichiarare di non essere robot | * Sono davvero un umano | * Non sono autorizzato a fare l'invio per conto dell'azienda richiedente | * Le informazioni fin ora inserite sono corrette e rispondono al vero | * Dichiaro di non essere umano | * Non Accetto le condizioni d'uso dei miei dati personali. | * Confermo di accettare le condizioni d'uso dei miei dati personali | * Confermo di aver letto le regole tecniche di averle applicate correttamente | * Non confermo di aver preso visione delle regole tecniche,,* Sono davvero un umano | * Confermo di aver letto le regole tecniche di averle applicate correttamente,,34,2,0,false,next_clicked,https://app.simulatoreclickday.it/home#/simulazione-isi-inail,2026-05-09T10:59:56.810Z,2026-05-09T11:09:29.337Z,final_page_detected,2026-05-09T11:07:54.768Z,url_match,confirmed_correct
q_9a2d9972,"* Selezionare dal menu gli ultimi quattro caratteri del codice identificativo, qui sotto,","* selezionare dal menu gli ultimi quattro caratteri del codice identificativo, qui sotto,",select,6,d81d | 5d81d | +79c | +79cb | be8e,d81d,d81d,,6,1,0,false,final_page_detected,https://app.simulatoreclickday.it/home#/simulazione-isi-inail,2026-05-09T10:59:56.810Z,2026-05-09T11:01:57.499Z,final_page_detected,2026-05-09T11:01:57.499Z,keyword,confirmed_correct
q_9b05fb58,"* Inserisci il nome esatto di questo bando, ovvero Bando INAIL 2025","* inserisci il nome esatto di questo bando, ovvero bando inail 2025",text,1,[text-input],Bando INAIL 2025,Bando INAIL 2025,,4,1,0,false,final_page_detected,https://app.simulatoreclickday.it/home#/simulazione-isi-inail,2026-05-09T11:00:33.827Z,2026-05-09T11:01:57.499Z,final_page_detected,2026-05-09T11:01:57.499Z,keyword,confirmed_correct
q_9b5edcef,* Scrivere nel campo il numero del mese in cui ci siamo oggi usando due cifre,* scrivere nel campo il numero del mese in cui ci siamo oggi usando due cifre,select,6,maggio | 05 | giugno | 0 5 | luglio,05,05,,4,1,0,false,final_page_detected,https://app.simulatoreclickday.it/home#/simulazione-isi-inail,2026-05-09T10:59:26.325Z,2026-05-09T10:59:47.900Z,final_page_detected,2026-05-09T10:59:47.900Z,keyword,confirmed_correct
q_9bba48b7,* Sono consapevole che l'eventuale inesattezza dei dati immessi può comportare l'esclusione dal bando,* sono consapevole che l'eventuale inesattezza dei dati immessi puo comportare l'esclusione dal bando,checkbox,1,* Sono consapevole che l'eventuale inesattezza dei dati immessi può comportare l'esclusione dal bando,* Sono consapevole che l'eventuale inesattezza dei dati immessi può comportare l'esclusione dal bando,* Sono consapevole che l'eventuale inesattezza dei dati immessi può comportare l'esclusione dal bando,,4,1,0,false,final_page_detected,https://app.simulatoreclickday.it/home#/simulazione-isi-inail,2026-05-09T11:00:40.628Z,2026-05-09T11:01:57.499Z,final_page_detected,2026-05-09T11:01:57.499Z,keyword,confirmed_correct
q_9e2a2e2e,Per procedere con l'invio della domanda è necessario compilare i seguenti campi:,per procedere con l'invio della domanda e necessario compilare i seguenti campi:,checkbox,6,* Non sono un robot né un bot | * Dichiarazione di non presa visione delle regole tecniche | * Sto compiendo l'invio senza rispettare le regole tecniche previste | * Sono autorizzato a fare l'invio per conto dell'azienda richiedente | * Confermo di accettare le condizioni d'uso dei miei dati personali | * Togliere la spunta alla casella per dichiarare di non essere robot,* Confermo di accettare le condizioni d'uso dei miei dati personali,* Non sono un robot né un bot | * Sono autorizzato a fare l'invio per conto dell'azienda richiedente | * Confermo di accettare le condizioni d'uso dei miei dati personali,,29,3,0,false,final_page_detected,https://app.simulatoreclickday.it/home#/risultato-isi-inail,2026-05-09T10:57:27.083Z,2026-05-09T11:07:54.768Z,final_page_detected,2026-05-09T11:07:54.768Z,url_match,confirmed_correct
q_9e45ffd2,Per procedere con l'invio della domanda è necessario compilare i seguenti campi:,per procedere con l'invio della domanda e necessario compilare i seguenti campi:,checkbox,7,* Non sono autorizzato a fare l'invio per conto dell'azienda richiedente | * Non sono un robot né un bot | * Non sono un robot | * Sono davvero un umano | * Sono umano e non sono robot | * Spuntando questa casella confermo di non essere un robot | * Dichiaro di essere umano 100%,* Sono davvero un umano,* Non sono un robot né un bot | * Dichiaro di essere umano 100% | * Sono davvero un umano,,25,3,0,false,final_page_detected,https://app.simulatoreclickday.it/home#/,2026-05-09T10:57:43.847Z,2026-05-09T11:09:32.424Z,final_page_detected,2026-05-09T11:09:32.424Z,keyword,confirmed_correct
q_a1889148,* Scrivi collaudatore ignorando gli spazi,* scrivi collaudatore ignorando gli spazi,text,1,[text-input],collaudatore,collaudatore,,4,1,0,false,final_page_detected,https://app.simulatoreclickday.it/home#/risultato-isi-inail,2026-05-09T11:03:23.187Z,2026-05-09T11:07:54.768Z,final_page_detected,2026-05-09T11:07:54.768Z,url_match,confirmed_correct
q_a1b523d3,* Quanti sono gli zeri (8) presenti in 600.000.000 €?,* quanti sono gli zeri (8) presenti in 600.000.000 €?,radio,16,uno | 6 | nove | otto | sette | 0 | undici | 1 | zero | 11 | 10 | dieci | sei | 8 | 9 | 7,8,8,,5,1,0,false,final_page_detected,https://app.simulatoreclickday.it/home#/,2026-05-09T10:57:27.083Z,2026-05-09T10:57:47.830Z,final_page_detected,2026-05-09T10:57:47.830Z,keyword,confirmed_correct
q_a28dac32,* Scrivere il nome del partecipante registrato sul portale per inviare la domanda,* scrivere il nome del partecipante registrato sul portale per inviare la domanda,text,1,[text-input],Nome,Nome,,8,1,0,false,final_page_detected,https://app.simulatoreclickday.it/home#/risultato-isi-inail,2026-05-09T11:06:15.438Z,2026-05-09T11:07:54.768Z,final_page_detected,2026-05-09T11:07:54.768Z,url_match,confirmed_correct
q_a3b8f8e8,* A quale bando intendi partecipare,* a quale bando intendi partecipare,select,16,ando ISI InailB2025 | iando ISI InaBl 2025 | Bando ISI Inail 20L25 | Bando I5I Inail 202S | Baddo ISI Inail 2025 | Bando ISI InaEl 2025 | Bando ISI Inail 202 | Bando ISI Inail 2025 | BandopISI Inail 2025 | Bando ISI nIail 2025 | Iando ISB Inail 2025 | Bando ISI Inal 2025 | Bando 2SI Inail I025 | Bando ISI 2026 | Bando Inail Agricoltura 2025,Bando ISI Inail 2025,Bando ISI Inail 2025,,6,1,0,false,final_page_detected,https://app.simulatoreclickday.it/home#/risultato-isi-inail,2026-05-09T11:03:57.904Z,2026-05-09T11:07:54.768Z,final_page_detected,2026-05-09T11:07:54.768Z,url_match,confirmed_correct
q_a7ff01f7,"* Dall'elenco, scegliere la parola 'Inail' scritta al contrario","* dall'elenco, scegliere la parola 'inail' scritta al contrario",select,5,linail | Alian | Ilain | liani,lianI,lianI,,4,1,0,false,final_page_detected,https://app.simulatoreclickday.it/home#/risultato-isi-inail,2026-05-09T11:05:15.934Z,2026-05-09T11:07:54.768Z,final_page_detected,2026-05-09T11:07:54.768Z,url_match,confirmed_correct
q_aaf0cfbb,* Scrivere il nome del partecipante registrato sul portale per inviare la domanda,* scrivere il nome del partecipante registrato sul portale per inviare la domanda,text,1,[text-input],Nome,Nome,,7,1,0,false,final_page_detected,https://app.simulatoreclickday.it/home#/,2026-05-09T11:09:06.697Z,2026-05-09T11:09:32.424Z,final_page_detected,2026-05-09T11:09:32.424Z,keyword,confirmed_correct
q_ab45ca3a,* Confermo di aver letto integralmente l'informativa sul trattamento dei dati personali,* confermo di aver letto integralmente l'informativa sul trattamento dei dati personali,checkbox,1,* Confermo di aver letto integralmente l'informativa sul trattamento dei dati personali,* Confermo di aver letto integralmente l'informativa sul trattamento dei dati personali,* Confermo di aver letto integralmente l'informativa sul trattamento dei dati personali,,6,1,0,false,final_page_detected,https://app.simulatoreclickday.it/home#/risultato-isi-inail,2026-05-09T11:05:24.239Z,2026-05-09T11:07:54.768Z,final_page_detected,2026-05-09T11:07:54.768Z,url_match,confirmed_correct
q_ad67171a,* In quale anno si svolge questa procedura di invio? (usare tutte e 4 le cifre),* in quale anno si svolge questa procedura di invio? (usare tutte e 4 le cifre),text,1,[text-input],2026,2026,,5,1,0,false,final_page_detected,https://app.simulatoreclickday.it/home#/risultato-isi-inail,2026-05-09T11:07:37.976Z,2026-05-09T11:07:54.768Z,final_page_detected,2026-05-09T11:07:54.768Z,url_match,confirmed_correct
q_b22fbac0,3 3_0,3 3_0,radio,5,email@cliccatore.it | +79cbe | Cognome | Nome | Eeeeee,Cognome,Cognome,,5,1,0,false,final_page_detected,https://app.simulatoreclickday.it/home#/,2026-05-09T10:57:27.083Z,2026-05-09T10:57:47.830Z,final_page_detected,2026-05-09T10:57:47.830Z,keyword,confirmed_correct
q_b446ae29,"* Scrivere la data di oggi: 09/05/2026 (due cifre per giorno, due per mese e quattro per anno separati da / )","* scrivere la data di oggi: 09/05/2026 (due cifre per giorno, due per mese e quattro per anno separati da / )",text,1,[text-input],09/05/2026,09/05/2026,,6,1,0,false,final_page_detected,https://app.simulatoreclickday.it/home#/risultato-isi-inail,2026-05-09T11:03:57.904Z,2026-05-09T11:07:54.768Z,final_page_detected,2026-05-09T11:07:54.768Z,url_match,confirmed_correct
q_b7a4eea1,* Scrivere le consonanti presenti all'interno di 'Bando',* scrivere le consonanti presenti all'interno di 'bando',text,1,[text-input],bnd,Bnd,,10,2,0,false,final_page_detected,https://app.simulatoreclickday.it/home#/,2026-05-09T11:00:55.459Z,2026-05-09T11:09:32.424Z,final_page_detected,2026-05-09T11:09:32.424Z,keyword,confirmed_correct
q_bf5b52cf,* Selezionare l'indirizzo del sito di Reddit senza vocali ma con tutti gli altri caratteri,* selezionare l'indirizzo del sito di reddit senza vocali ma con tutti gli altri caratteri,select,12,htps://www.rddt.cm | https.//www.rddt.cm | https://www.rddt.rg | hhttps://www.rddt.cm | hhttps://www.reddit.com | http://www.reddit.com | http://www.rddt.cm | htps://www.reddit.com | https.//www.reddit.com | https://www.rddt.cm | https://www.reddit.com,https://www.rddt.cm,https://www.rddt.cm,,6,1,0,false,final_page_detected,https://app.simulatoreclickday.it/home#/risultato-isi-inail,2026-05-09T11:02:44.765Z,2026-05-09T11:07:54.768Z,final_page_detected,2026-05-09T11:07:54.768Z,url_match,confirmed_correct
q_c157b66b,* Scrivere la prima cifra contenuta in 'Cvc545X' all'interno del campo sottostante,* scrivere la prima cifra contenuta in 'cvc545x' all'interno del campo sottostante,text,1,[text-input],5,5,,8,1,0,false,final_page_detected,https://app.simulatoreclickday.it/home#/risultato-isi-inail,2026-05-09T11:08:16.947Z,2026-05-09T11:08:50.800Z,final_page_detected,2026-05-09T11:08:50.800Z,url_match,confirmed_correct
q_cd8a1c2b,* Indicare quanti furono i trentini che entrarono a Trento tutti e trentadue trotterellando (scrivere in lettere),* indicare quanti furono i trentini che entrarono a trento tutti e trentadue trotterellando (scrivere in lettere),text,1,[text-input],trentadue,trentadue,,6,1,0,false,final_page_detected,https://app.simulatoreclickday.it/home#/risultato-isi-inail,2026-05-09T11:03:57.904Z,2026-05-09T11:07:54.768Z,final_page_detected,2026-05-09T11:07:54.768Z,url_match,confirmed_correct
q_cd9bf8db,* Riscrivere la parola 'xLaQRl',* riscrivere la parola 'xlaqrl',text,1,[text-input],xLaQRl,xLaQRl,,9,1,0,false,final_page_detected,https://app.simulatoreclickday.it/home#/risultato-isi-inail,2026-05-09T11:06:06.628Z,2026-05-09T11:07:54.768Z,final_page_detected,2026-05-09T11:07:54.768Z,url_match,confirmed_correct
q_d260e49e,* Confermo le informazioni inserite. Sono consapevole che potranno essere effettuati controlli su di esse.,* confermo le informazioni inserite. sono consapevole che potranno essere effettuati controlli su di esse.,checkbox,1,* Confermo le informazioni inserite. Sono consapevole che potranno essere effettuati controlli su di esse.,* Confermo le informazioni inserite. Sono consapevole che potranno essere effettuati controlli su di esse.,* Confermo le informazioni inserite. Sono consapevole che potranno essere effettuati controlli su di esse.,,3,1,0,false,final_page_detected,https://app.simulatoreclickday.it/home#/risultato-isi-inail,2026-05-09T11:04:52.199Z,2026-05-09T11:07:54.768Z,final_page_detected,2026-05-09T11:07:54.768Z,url_match,confirmed_correct
q_d293a3ab,* Selezionare il codice identificativo (solo il carattere dopo il segno),* selezionare il codice identificativo (solo il carattere dopo il segno),radio,7,7 | +79cbe8ee9493b313dd88c855e93e27ac8b29b77d80fc518ea29fd9106285d81d | + | 79cbe8ee9493b313dd88c855e93e27ac8b29b77d80fc518ea29fd9106285d81d | 79cbe8ee9493b313dd88c855e93e27ac8b29b77d80fc518ea29fd9106285d81d | +79 | 9cbe8ee9493b313dd88c855e93e27ac8b29b77d80fc518ea29fd9106285d81d,7,7,,3,1,0,false,final_page_detected,https://app.simulatoreclickday.it/home#/simulazione-isi-inail,2026-05-09T11:00:55.459Z,2026-05-09T11:01:57.499Z,final_page_detected,2026-05-09T11:01:57.499Z,keyword,confirmed_correct
q_d2f1d334,* Riporta nel campo qui sotto il numero di zeri che vedi in '94327418084287',* riporta nel campo qui sotto il numero di zeri che vedi in '94327418084287',text,1,[text-input],1,1,,8,1,0,false,final_page_detected,https://app.simulatoreclickday.it/home#/simulazione-isi-inail,2026-05-09T11:01:28.544Z,2026-05-09T11:01:57.499Z,final_page_detected,2026-05-09T11:01:57.499Z,keyword,confirmed_correct
q_d40e8f4f,Per procedere con l'invio della domanda è necessario compilare i seguenti campi:,per procedere con l'invio della domanda e necessario compilare i seguenti campi:,select,34,"5 | Progetti per l’adozione di modelli organizzativi e di responsabilità sociale; | 4 | Progetti di investimento | 7 | sette | 10 | 11 | otto | sei | uno | zero | nove | 9 | 6 | 1 | undici | 8 | 0 | dieci | quattro | cinque | 600.0000.000,00 | 600.000.000.00 | 600.000,000,00 | 600,000.000,00 | 600I.000.000,00 | 600.000.000,00 | 600.00.000,00 | 600.000:000,00 | 600:000.000,00 | 600.000.000,00 € | 600000000,00","600.000.000,00","8 | 600.000.000,00",,21,2,0,false,final_page_detected,https://app.simulatoreclickday.it/home#/risultato-isi-inail,2026-05-09T11:00:33.827Z,2026-05-09T11:07:54.768Z,final_page_detected,2026-05-09T11:07:54.768Z,url_match,confirmed_correct
q_dc851ace,3 3_0,3 3_0,radio,13,8x0=48 | 48 | 6x8=48 | 6 | 8/6=48 | 8=6=48 | 8÷6=48 | 8-6=48 | 8x6=48 | 8 | 0 | 8x0=0 | 8+6=48,8x6=48,8x6=48,,5,1,0,false,final_page_detected,https://app.simulatoreclickday.it/home#/risultato-isi-inail,2026-05-09T11:03:31.774Z,2026-05-09T11:07:54.768Z,final_page_detected,2026-05-09T11:07:54.768Z,url_match,confirmed_correct
q_de3672be,* Selezionare il carattere iniziale del codice identificativo '+',* selezionare il carattere iniziale del codice identificativo '+',radio,7,+79cbe8ee9493b313dd88c855e93e27ac8b29b77d80fc518ea29fd9106285d81d | 9cbe8ee9493b313dd88c855e93e27ac8b29b77d80fc518ea29fd9106285d81d | 79cbe8ee9493b313dd88c855e93e27ac8b29b77d80fc518ea29fd9106285d81d | +7 | +79 | + | 79cbe8ee9493b313dd88c855e93e27ac8b29b77d80fc518ea29fd9106285d81d,+,+,,2,1,0,false,final_page_detected,https://app.simulatoreclickday.it/home#/risultato-isi-inail,2026-05-09T11:06:54.599Z,2026-05-09T11:07:54.768Z,final_page_detected,2026-05-09T11:07:54.768Z,url_match,confirmed_correct
q_e81e066a,Informativa: I dati inseriti potrebbero essere oggetto di verifica durante la lavorazione della domanda.,informativa: i dati inseriti potrebbero essere oggetto di verifica durante la lavorazione della domanda.,checkbox,1,* Accetto,* Accetto,* Accetto,,9,1,0,false,final_page_detected,https://app.simulatoreclickday.it/home#/risultato-isi-inail,2026-05-09T11:02:22.786Z,2026-05-09T11:07:54.768Z,final_page_detected,2026-05-09T11:07:54.768Z,url_match,confirmed_correct
q_e88a15a3,* Riporta la parola 'COLLAUDATORE ' senza tener conto degli spazi e scrivila tutta in minuscolo,* riporta la parola 'collaudatore ' senza tener conto degli spazi e scrivila tutta in minuscolo,text,1,[text-input],collaudatore,collaudatore,,3,1,0,false,final_page_detected,https://app.simulatoreclickday.it/home#/risultato-isi-inail,2026-05-09T11:04:52.199Z,2026-05-09T11:07:54.768Z,final_page_detected,2026-05-09T11:07:54.768Z,url_match,confirmed_correct
q_e9cd9d5c,Per procedere con l'invio della domanda è necessario compilare i seguenti campi:,per procedere con l'invio della domanda e necessario compilare i seguenti campi:,select,35,9876987 | 3b313 | 987 | cbe | be8ee | 79cbe8ee9493b313dd88c855e93e27ac8b29b77d80fc518ea29fd9106285d81d | 9cbe8ee9493b313dd88c855e93e27ac8b29b77d80fc518ea29fd9106285d81d | + | 7 | +79cbe8ee9493b313dd88c855e93e27ac8b29b77d80fc518ea29fd9106285d81d | +79 | 27a | 8c | e8 | 27 | e27 | 8ee9493b3 | 8769876 | 98769876 | 987698 | +79cbe8e | +7 | +79cbe | +79cb | d81d | +79c | 5d81d | 52d6beb251400bdbb186e2a9cb9f37e1ceff35a21dcd6ff672a4eb858ab43fb5 | 70b72f7ede5578efd1fb31138e269195eec761d74a05f40231bb225c2bc14af3 | 79cbe8ee9493b313dd88c855e93ea7ac8b29b77d80fc518ea29fd9016285d81c | 6efa44055f6bcd20fdebd12c2ee87f62de7d3cc7b2bbd6eb62bc13710e64a699 | +79cbe8 | e | 85d81d,+79cbe,987 | 79cbe8ee9493b313dd88c855e93e27ac8b29b77d80fc518ea29fd9106285d81d | +79cbe,,60,4,0,false,final_page_detected,https://app.simulatoreclickday.it/home#/,2026-05-09T11:00:33.827Z,2026-05-09T11:09:32.424Z,final_page_detected,2026-05-09T11:09:32.424Z,keyword,confirmed_correct
q_ee7e92dc,* Indicare l'opzione che corrisponde alle vocali presenti nella scritta 'Bando ISI Inail 2025',* indicare l'opzione che corrisponde alle vocali presenti nella scritta 'bando isi inail 2025',radio,5,O & U | I & O | A & O & I | A & E | E & U,A & O & I,A & O & I,,9,1,0,false,final_page_detected,https://app.simulatoreclickday.it/home#/risultato-isi-inail,2026-05-09T11:06:06.628Z,2026-05-09T11:07:54.768Z,final_page_detected,2026-05-09T11:07:54.768Z,url_match,confirmed_correct
q_eec07873,* Quale vocale si ripete nella parola 'aiuola',* quale vocale si ripete nella parola 'aiuola',select,16,8 | 9 | Z | x | 6 | 0 | 7 | f | 3 | I | r | a | B | 1 | C,a,a,,5,1,0,false,final_page_detected,https://app.simulatoreclickday.it/home#/risultato-isi-inail,2026-05-09T11:07:37.976Z,2026-05-09T11:07:54.768Z,final_page_detected,2026-05-09T11:07:54.768Z,url_match,confirmed_correct
q_f0bd0a40,* Seleziona nell'ordine inverso le vocali contenute nelle parole 'Bando ISI' (iioa),* seleziona nell'ordine inverso le vocali contenute nelle parole 'bando isi' (iioa),select,6,aioia | ioaii | iioa | ioai | iioia,iioa,iioa,,5,1,0,false,final_page_detected,https://app.simulatoreclickday.it/home#/risultato-isi-inail,2026-05-09T11:03:31.774Z,2026-05-09T11:07:54.768Z,final_page_detected,2026-05-09T11:07:54.768Z,url_match,confirmed_correct
q_f143b7d5,* Scrivere il numero a due cifre del giorno di oggi (es: 06),* scrivere il numero a due cifre del giorno di oggi (es: 06),text,1,[text-input],09,09,,5,1,0,false,final_page_detected,https://app.simulatoreclickday.it/home#/risultato-isi-inail,2026-05-09T11:03:31.774Z,2026-05-09T11:07:54.768Z,final_page_detected,2026-05-09T11:07:54.768Z,url_match,confirmed_correct
q_f67cce63,* Come si scrive 'Bando' al contrario?,* come si scrive 'bando' al contrario?,text,1,[text-input],odnaB,odnaB,,7,1,0,false,final_page_detected,https://app.simulatoreclickday.it/home#/,2026-05-09T11:09:06.697Z,2026-05-09T11:09:32.424Z,final_page_detected,2026-05-09T11:09:32.424Z,keyword,confirmed_correct
q_fd615884,Informativa: I dati inseriti potrebbero essere oggetto di verifica durante la lavorazione della domanda.,informativa: i dati inseriti potrebbero essere oggetto di verifica durante la lavorazione della domanda.,checkbox,1,* Accetto,* Accetto,* Accetto,,7,1,0,false,final_page_detected,https://app.simulatoreclickday.it/home#/simulazione-isi-inail,2026-05-09T11:00:16.656Z,2026-05-09T11:01:57.499Z,final_page_detected,2026-05-09T11:01:57.499Z,keyword,confirmed_correct